ScanDir ID,Site,Gender,Age,Handedness,DX,Secondary Dx ,ADHD Measure,ADHD Index,Inattentive,Hyper/Impulsive,IQ Measure,Verbal IQ,Performance IQ,Full2 IQ,Full4 IQ,Med Status,QC_Rest_1,QC_Rest_2,QC_Rest_3,QC_Rest_4,QC_Anatomical_1,QC_Anatomical_2
26001,2,1,16.92,1,pending,pending,pending,pending,pending,pending,N/A,133,104,N/A,120,pending,1,,,N/A,1,N/A
26002,2,1,15.68,1,pending,pending,pending,pending,pending,pending,N/A,106,106,N/A,107,pending,1,,,N/A,1,N/A
26004,2,0,14.99,1,pending,pending,pending,pending,pending,pending,N/A,119,123,N/A,125,pending,1,,,N/A,1,N/A
26005,2,0,15.16,1,pending,pending,pending,pending,pending,pending,N/A,116,131,N/A,126,pending,1,,,N/A,1,N/A
26009,2,1,16.91,0,pending,pending,pending,pending,pending,pending,N/A,113,81,N/A,97,pending,1,,,N/A,1,N/A
26014,2,0,16.21,1,pending,pending,pending,pending,pending,pending,N/A,101,102,N/A,102,pending,1,,,N/A,1,N/A
26015,2,0,15.2,1,pending,pending,pending,pending,pending,pending,N/A,127,98,N/A,113,pending,1,,,N/A,1,N/A
26016,2,1,16.07,1,pending,pending,pending,pending,pending,pending,N/A,120,96,N/A,109,pending,1,,,N/A,1,N/A
26017,2,0,14.56,1,pending,pending,pending,pending,pending,pending,N/A,95,87,N/A,89,pending,1,,,N/A,1,N/A
26022,2,1,17.83,1,pending,pending,pending,pending,pending,pending,N/A,105,111,N/A,109,pending,1,,,N/A,1,N/A
26024,2,0,17.77,1,pending,pending,pending,pending,pending,pending,N/A,89,83,N/A,85,pending,1,,,N/A,1,N/A
26027,2,0,11.28,1,pending,pending,pending,pending,pending,pending,N/A,108,103,N/A,106,pending,1,,,N/A,1,N/A
26030,2,0,14.51,1,pending,pending,pending,pending,pending,pending,N/A,121,119,N/A,123,pending,1,,,N/A,1,N/A
26039,2,0,14.19,1,pending,pending,pending,pending,pending,pending,N/A,125,117,N/A,124,pending,1,,,N/A,1,N/A
26040,2,0,13.67,1,pending,pending,pending,pending,pending,pending,N/A,111,93,N/A,102,pending,1,,,N/A,1,N/A
26041,2,0,13.68,1,pending,pending,pending,pending,pending,pending,N/A,129,120,N/A,128,pending,1,,,N/A,0,N/A
26042,2,0,13.82,1,pending,pending,pending,pending,pending,pending,N/A,106,110,N/A,109,pending,1,,,N/A,1,N/A
26043,2,0,11.6,1,pending,pending,pending,pending,pending,pending,N/A,125,127,N/A,129,pending,1,,,N/A,1,N/A
26044,2,0,9.32,1,pending,pending,pending,pending,pending,pending,N/A,119,93,N/A,107,pending,1,,,N/A,1,N/A
26045,2,1,14.67,1,pending,pending,pending,pending,pending,pending,N/A,109,109,N/A,111,pending,1,,,N/A,1,N/A
26050,2,0,8.5,1,pending,pending,pending,pending,pending,pending,N/A,121,116,N/A,121,pending,1,,,N/A,1,N/A
26052,2,0,17.87,1,pending,pending,pending,pending,pending,pending,N/A,111,109,N/A,112,pending,1,,,N/A,1,N/A
26053,2,1,15.79,1,pending,pending,pending,pending,pending,pending,N/A,123,111,N/A,120,pending,1,,,N/A,1,N/A
26054,2,0,12.02,1,pending,pending,pending,pending,pending,pending,N/A,136,109,N/A,125,pending,1,,,N/A,1,N/A
26055,2,1,17.74,1,pending,pending,pending,pending,pending,pending,N/A,109,119,N/A,116,pending,1,,,N/A,1,N/A
26057,2,1,12,1,pending,pending,pending,pending,pending,pending,N/A,114,110,N/A,114,pending,1,,,N/A,1,N/A
2371032,3,0,10.73,1,0,,2,47,55,43,1,121,119,N/A,122,1,1,N/A,N/A,N/A,1,N/A
2026113,3,0,12.99,1,1,,2,90,89,78,1,122,108,N/A,106,1,1,N/A,N/A,N/A,1,N/A
3434578,3,0,8.12,1,0,,2,42,42,43,1,85,98,N/A,89,1,1,N/A,N/A,N/A,1,N/A
8628223,3,0,10.81,1,0,Simple phobia,2,42,49,49,1,85,86,N/A,97,1,1,N/A,N/A,N/A,1,N/A
1623716,3,0,12.65,1,1,,2,87,90,90,1,89,88,N/A,89,1,1,N/A,N/A,N/A,1,N/A
1594156,3,1,12.87,1,0,Simple Phobia,2,54,55,57,1,124,104,N/A,108,1,1,N/A,N/A,N/A,1,N/A
2930625,3,1,9.97,1,0,,2,40,40,50,1,91,127,N/A,106,1,1,N/A,N/A,N/A,1,N/A
3154996,3,1,11.65,1,3,,2,64,74,58,1,93,98,N/A,88,1,1,N/A,N/A,N/A,1,N/A
3160561,3,1,11.95,1,1,,2,71,62,70,1,93,108,N/A,99,1,1,N/A,N/A,N/A,1,N/A
4275075,3,0,10.5,1,3,,2,87,75,69,1,93,100,N/A,94,1,1,N/A,N/A,N/A,1,N/A
2917777,3,1,12.66,1,0,,2,-999,-999,-999,1,95,104,N/A,100,1,1,N/A,N/A,N/A,1,N/A
2558999,3,1,8.87,1,0,,2,40,40,43,1,130,108,N/A,120,1,1,N/A,N/A,N/A,1,N/A
2740232,3,1,11.09,1,0,,2,42,43,48,1,99,102,N/A,85,1,1,N/A,N/A,N/A,1,N/A
1018959,3,0,12.36,1,0,,2,44,47,44,1,121,100,N/A,110,1,1,N/A,N/A,N/A,1,N/A
2572285,3,1,8.33,1,0,,2,46,48,43,1,96,119,N/A,106,1,1,N/A,N/A,N/A,1,N/A
1962503,3,0,8.67,0,0,simple phobias,2,48,48,49,1,102,110,N/A,115,1,1,N/A,N/A,N/A,1,N/A
1842819,3,1,10.09,1,0,,2,50,52,44,1,110,92,N/A,105,1,1,N/A,N/A,N/A,1,N/A
1873761,3,0,10.36,1,1,ODD,2,90,90,90,1,138,108,N/A,126,1,1,N/A,N/A,N/A,1,N/A
3103809,3,1,9.3,1,0,,2,41,43,48,1,104,92,N/A,102,1,0,N/A,N/A,N/A,1,N/A
3699991,3,1,12.77,1,0,,2,42,41,43,1,104,102,N/A,98,1,1,N/A,N/A,N/A,1,N/A
1535233,3,1,9.64,0,0,,2,42,41,43,1,136,96,N/A,120,1,1,N/A,N/A,N/A,1,N/A
4154182,3,0,9.75,1,0,,2,49,42,46,1,106,123,N/A,111,1,1,N/A,N/A,N/A,1,N/A
6453038,3,0,8.72,1,1,,2,62,65,61,1,106,106,N/A,108,1,0,N/A,N/A,N/A,1,N/A
3486975,3,0,11.73,1,0,,2,42,42,43,1,108,121,N/A,117,1,1,N/A,N/A,N/A,1,N/A
3912996,3,0,9.79,1,0,,2,49,53,43,1,108,110,N/A,109,1,1,N/A,N/A,N/A,1,N/A
1686265,3,1,8.02,0,0,,2,50,51,43,1,112,119,N/A,108,1,1,N/A,N/A,N/A,1,N/A
2014113,3,1,10.35,1,1,,2,60,65,66,1,108,106,N/A,102,1,1,N/A,N/A,N/A,1,N/A
1996183,3,1,11.04,1,3,ODD,2,77,76,66,1,116,123,N/A,112,1,1,N/A,N/A,N/A,1,N/A
7129258,3,1,9.73,1,0,,2,42,40,44,1,110,108,N/A,112,1,1,N/A,N/A,N/A,1,N/A
1779922,3,1,10.84,1,0,,2,43,41,48,1,116,137,N/A,124,1,1,N/A,N/A,N/A,1,N/A
3310328,3,1,9.97,1,2,,2,64,61,68,1,110,123,N/A,113,1,0,N/A,N/A,N/A,1,N/A
2618929,3,1,10.09,1,0,,2,41,40,43,1,104,100,N/A,96,1,1,N/A,N/A,N/A,1,N/A
1652369,3,0,10.6,0,0,,2,42,47,46,1,112,106,N/A,115,1,1,N/A,N/A,N/A,1,N/A
4104523,3,1,12.43,1,0,,2,42,43,45,1,112,98,N/A,101,1,1,N/A,N/A,N/A,1,N/A
8083695,3,1,8.62,1,0,,2,42,48,41,1,112,125,N/A,121,1,1,N/A,N/A,N/A,1,N/A
6346605,3,1,10.69,1,0,,2,49,53,48,1,112,110,N/A,104,1,1,N/A,N/A,N/A,1,N/A
9922944,3,1,10.3,1,0,,2,49,50,54,1,112,110,N/A,109,1,1,N/A,N/A,N/A,1,N/A
1638334,3,0,10.44,1,0,,2,52,51,43,1,87,104,N/A,98,1,1,N/A,N/A,N/A,1,N/A
1692275,3,0,10.78,1,0,,2,42,42,43,1,108,119,N/A,105,1,1,N/A,N/A,N/A,1,N/A
2641332,3,0,10.38,1,0,,2,42,42,43,1,114,92,N/A,95,1,1,N/A,N/A,N/A,1,N/A
8263351,3,1,8.34,1,0,,2,54,51,48,1,114,106,N/A,107,1,1,N/A,N/A,N/A,1,N/A
3884955,3,1,11.84,1,0,,2,40,41,46,1,119,123,N/A,134,1,1,N/A,N/A,N/A,1,N/A
2344857,3,0,8.92,1,0,,2,45,44,47,1,119,108,N/A,119,1,1,N/A,N/A,N/A,1,N/A
2822304,3,0,9.62,1,0,,2,50,44,60,1,119,98,N/A,111,1,1,N/A,N/A,N/A,1,N/A
8658218,3,1,9.75,1,0,Simple Phobia ,2,56,55,52,1,119,115,N/A,114,1,0,N/A,N/A,N/A,1,N/A
3119327,3,1,10.15,0,3,ODD; Phobia,2,67,64,60,1,119,125,N/A,119,1,1,N/A,N/A,N/A,1,N/A
2299519,3,1,11.89,1,1,,2,69,67,76,1,110,79,N/A,86,1,1,N/A,N/A,N/A,1,N/A
3813783,3,0,10.55,1,0,,2,42,42,46,1,121,131,N/A,132,1,1,N/A,N/A,N/A,1,N/A
2640795,3,1,12.47,1,0,,2,44,43,54,1,136,108,N/A,119,1,1,N/A,N/A,N/A,1,N/A
4601682,3,0,11.02,1,0,,2,44,42,49,1,121,108,N/A,115,1,1,N/A,N/A,N/A,1,N/A
3972472,3,0,9.12,1,0,,2,55,57,51,1,121,94,N/A,109,1,1,N/A,N/A,N/A,1,N/A
2018106,3,1,11.66,1,0,Specific phobia,2,53,55,52,1,108,110,N/A,114,1,1,N/A,N/A,N/A,1,N/A
2104012,3,1,9.62,0,0,,2,42,43,44,1,116,123,N/A,115,1,1,N/A,N/A,N/A,1,N/A
5216908,3,1,10.82,1,0,Phobia,2,46,49,46,1,124,79,N/A,98,1,0,N/A,N/A,N/A,1,N/A
1019436,3,1,12.98,1,3,,2,71,60,66,1,99,115,N/A,103,1,1,N/A,N/A,N/A,1,N/A
8432725,3,0,11.51,1,0,Simple Phobia,2,-999,-999,-999,1,126,102,N/A,116,1,1,N/A,N/A,N/A,1,N/A
1043241,3,1,9.12,1,0,,2,40,40,43,1,124,108,N/A,122,1,1,N/A,N/A,N/A,1,N/A
2554127,3,1,9.02,1,0,,2,46,41,47,1,138,121,N/A,120,1,1,N/A,N/A,N/A,1,N/A
3713230,3,0,11.67,1,0,,2,44,42,54,1,132,106,N/A,119,1,1,N/A,N/A,N/A,1,N/A
3902469,3,1,10.64,1,0,,2,50,53,50,1,132,112,N/A,124,1,1,N/A,N/A,N/A,1,N/A
3972956,3,1,10.12,1,0,,2,41,41,43,1,134,127,N/A,131,1,1,N/A,N/A,N/A,1,N/A
7415617,3,1,10.9,1,0,,2,43,45,43,1,134,106,N/A,117,1,1,N/A,N/A,N/A,1,N/A
3519022,3,0,8.1,1,1,ODD,2,84,88,75,1,134,129,N/A,134,1,1,N/A,N/A,N/A,1,N/A
1266183,3,0,9.67,1,0,,2,47,44,43,1,128,106,N/A,120,1,1,N/A,N/A,N/A,1,N/A
1846346,3,0,8.91,1,0,,2,42,42,43,1,100,106,N/A,109,1,1,N/A,N/A,N/A,1,N/A
2768273,3,0,9.24,1,0,,2,48,51,43,1,140,112,N/A,122,1,1,N/A,N/A,N/A,0,N/A
3917422,3,1,8.19,1,1,,2,62,60,61,1,142,119,N/A,126,1,1,N/A,N/A,N/A,1,N/A
4362730,3,0,8.99,1,1,social and simple phobia ,2,77,80,83,1,146,106,N/A,121,1,1,N/A,N/A,N/A,1,N/A
8337695,3,1,8.8,1,1,ODD,2,71,74,82,1,93,112,N/A,94,2,1,N/A,N/A,N/A,1,N/A
3611827,3,1,9.08,0,1,,2,62,64,56,1,95,106,N/A,89,2,1,N/A,N/A,N/A,1,N/A
1541812,3,0,8.45,1,1,,2,79,90,83,1,106,135,N/A,122,2,1,N/A,N/A,N/A,1,N/A
2601925,3,1,9.58,1,0,,2,-999,-999,-999,1,100,106,N/A,99,2,1,N/A,N/A,N/A,1,N/A
7774305,3,0,11.22,1,0,,2,42,42,43,1,104,92,N/A,108,2,1,N/A,N/A,N/A,1,N/A
2138826,3,0,8.46,1,0,,2,42,42,43,1,124,106,N/A,119,2,1,N/A,N/A,N/A,1,N/A
3170319,3,0,9.52,1,1,ODD,2,67,73,69,1,112,125,N/A,122,2,1,N/A,N/A,N/A,1,N/A
1988015,3,1,11.17,1,0,Simple Phobia,2,46,44,50,1,100,108,N/A,99,2,1,N/A,N/A,N/A,1,N/A
1735881,3,0,9.39,2,0,,2,49,47,54,1,114,102,N/A,116,2,1,N/A,N/A,N/A,1,N/A
2081148,3,0,9.43,1,1,,2,79,75,83,1,81,98,N/A,88,2,1,N/A,N/A,N/A,1,N/A
2360428,3,1,8.56,1,0,,2,43,43,59,1,119,102,N/A,113,2,1,N/A,N/A,N/A,1,N/A
2903997,3,0,11.91,1,0,,2,44,49,43,1,121,121,N/A,126,2,1,N/A,N/A,N/A,1,N/A
2703289,3,1,11.1,1,0,,2,41,40,43,1,124,117,N/A,109,2,1,N/A,N/A,N/A,1,N/A
1577042,3,1,9.06,1,1,,2,78,73,89,1,100,90,N/A,90,2,1,N/A,N/A,N/A,1,N/A
2621228,3,0,8.98,1,0,,2,46,48,45,1,112,110,N/A,116,2,1,N/A,N/A,N/A,1,N/A
1000804,5,1,7.29,0.83,0,,2,40,41,41,2,112,103,N/A,109,1,1,0,N/A,N/A,1,N/A
1023964,5,1,8.29,0.57,3,,2,60,56,48,2,115,125,N/A,123,-999,1,0,N/A,N/A,1,1
1057962,5,1,8.78,-999,1,,2,77,81,80,2,131,121,N/A,129,1,1,N/A,N/A,N/A,1,0
1099481,5,0,8.04,0.5,1,,2,86,82,85,2,109,120,N/A,116,1,1,0,N/A,N/A,1,1
1127915,5,0,12.44,0.21,0,,2,42,43,44,2,117,126,N/A,124,1,1,1,N/A,N/A,1,1
1187766,5,1,12.79,0.73,1,,2,64,52,70,2,109,134,N/A,129,-999,1,0,N/A,N/A,1,0
1208795,5,0,9.57,0.26,3,Adjustment disorder with depressed mood,2,62,66,43,2,122,109,N/A,118,-999,1,0,N/A,N/A,1,0
1283494,5,1,8.61,0.67,1,,2,64,69,65,2,106,106,N/A,107,1,1,0,N/A,N/A,1,N/A
1320247,5,1,8.59,0.21,0,,2,43,41,48,2,131,108,N/A,122,1,1,1,N/A,N/A,1,1
1359325,5,1,10.76,0.56,0,,2,-999,-999,-999,2,131,135,N/A,138,1,1,1,N/A,N/A,1,N/A
1435954,5,1,11.92,1,0,,2,45,44,43,2,102,119,N/A,111,1,1,1,N/A,N/A,1,N/A
1471736,5,1,13.32,0.91,3,,2,63,63,52,2,106,91,N/A,99,-999,1,1,N/A,N/A,1,1
1497055,5,1,8.56,0.62,1,,2,77,76,87,2,126,119,N/A,125,-999,0,0,N/A,N/A,0,1
1511464,5,1,10.12,0.83,3,,2,71,74,62,2,110,104,N/A,108,-999,1,1,N/A,N/A,1,N/A
1517240,5,1,10.06,0.47,1,"LD, ODD",2,76,77,68,2,125,117,N/A,125,-999,1,N/A,N/A,N/A,1,0
1567356,5,0,8.91,0.31,0,,2,42,44,43,2,117,128,N/A,125,1,1,1,N/A,N/A,1,N/A
1700637,5,0,7.68,0.39,0,,2,43,42,43,2,93,100,N/A,97,1,1,0,N/A,N/A,1,1
1737393,5,1,11.24,-999,0,,2,42,41,41,2,126,128,N/A,130,1,1,1,N/A,N/A,1,1
1740607,5,0,10.26,0.65,3,,2,84,80,67,2,108,128,N/A,119,1,1,1,N/A,N/A,1,1
1780174,5,1,11.18,0.52,1,ODD (Agression),2,60,61,66,2,96,118,N/A,107,1,1,1,N/A,N/A,1,1
1854959,5,0,12.99,0.5,0,,2,54,54,59,2,112,96,N/A,105,1,1,0,N/A,N/A,1,1
1875084,5,0,7.17,0.71,0,,2,45,44,43,2,85,94,N/A,90,1,1,N/A,N/A,N/A,1,N/A
1884448,5,1,8.91,0.19,0,,2,40,40,41,2,91,109,N/A,100,1,1,1,N/A,N/A,1,0
1918630,5,1,7.55,0.29,1,,2,69,64,65,2,115,129,N/A,125,-999,1,0,N/A,N/A,1,N/A
1934623,5,0,8.45,0.91,0,,2,42,42,45,2,111,112,N/A,114,1,1,1,N/A,N/A,1,1
1992284,5,1,7.26,0.13,1,,2,74,68,82,2,120,106,N/A,115,-999,1,1,N/A,N/A,1,1
1995121,5,1,11.43,1,0,,2,41,40,46,2,130,119,N/A,127,1,1,N/A,N/A,N/A,1,N/A
2030383,5,1,13.56,0.31,1,,2,55,51,63,2,141,114,N/A,131,-999,1,0,N/A,N/A,1,1
2054438,5,1,8.11,0.27,1,,2,63,61,59,2,101,103,N/A,102,2,1,0,N/A,N/A,1,1
2107638,5,1,10.41,0.91,1,,2,75,74,72,2,109,106,N/A,109,2,1,0,N/A,N/A,1,N/A
2136051,5,1,9.23,0.55,0,,2,42,44,48,2,127,106,N/A,118,1,1,0,N/A,N/A,1,1
2230510,5,1,9.17,0.58,1,specific phobia ,2,72,71,79,2,98,93,N/A,95,-999,0,1,N/A,N/A,1,N/A
2260910,5,1,12.07,0.11,1,Dysthymic disorder; Specific phobia,2,56,62,52,2,108,88,N/A,98,-999,1,1,N/A,N/A,1,1
2297413,5,1,11.06,0.86,3,,2,77,80,70,2,114,94,N/A,105,2,0,0,N/A,N/A,0,0
2306976,5,1,11.53,0.91,1,subthreshold anxiety,2,65,64,68,2,115,104,N/A,111,-999,1,1,N/A,N/A,N/A,N/A
2497695,5,1,11.61,0.6,1,,2,82,80,79,2,107,123,N/A,116,-999,1,1,N/A,N/A,1,N/A
2570769,5,1,13.49,1,1,dyslexia; dysgraphia,2,75,70,66,2,88,82,N/A,84,2,1,1,N/A,N/A,1,1
2682736,5,1,10.78,1,1,ODD,2,69,73,74,2,106,107,N/A,107,2,1,0,N/A,N/A,1,1
2730704,5,0,10.21,0.91,0,,2,55,49,57,2,107,83,N/A,94,1,1,1,N/A,N/A,1,1
2735617,5,1,11.42,0.83,0,some subclinical inattentive symptoms; and anxiety regarding cockroaches,2,45,49,43,2,122,126,N/A,127,1,1,0,N/A,N/A,1,N/A
2741068,5,1,8.53,0.82,1,subthreshold anxiety,2,76,78,72,2,118,107,N/A,114,-999,1,0,N/A,N/A,1,N/A
2773205,5,0,8.38,0.64,3,,2,83,90,65,2,98,120,N/A,109,2,1,N/A,N/A,N/A,1,1
2821683,5,1,10.69,0.68,3,,2,73,73,58,2,123,137,N/A,134,-999,1,0,N/A,N/A,1,1
2854839,5,0,9.17,0.45,3,,2,71,76,50,2,116,126,N/A,124,-999,1,1,N/A,N/A,1,1
2907383,5,0,12.24,0.54,0,,2,47,47,43,2,111,105,N/A,109,1,0,1,N/A,N/A,1,1
2950672,5,1,11.28,1,1,,2,58,65,56,2,99,95,N/A,97,-999,1,0,N/A,N/A,1,N/A
2983819,5,0,12.28,0.68,3,Central Auditory Processing Disorder (by history); MDD in remission; r/o GAD; Anxiety disorder NOS; Dysthymia; Depression NOS,2,90,90,80,2,108,103,N/A,107,-999,1,1,N/A,N/A,1,N/A
2991307,5,1,8.3,0.77,0,,2,40,40,41,2,115,117,N/A,118,1,1,0,N/A,N/A,1,1
2996531,5,1,12.62,0.83,3,mild anxiety  and depressive sx,2,72,72,72,2,137,119,N/A,132,-999,1,1,N/A,N/A,1,1
3011311,5,0,11.56,0.75,0,,2,47,44,43,2,115,91,N/A,103,1,1,1,N/A,N/A,1,1
3163200,5,1,11.91,1,0,,2,49,50,46,2,120,117,N/A,121,1,1,0,N/A,N/A,1,1
3174224,5,1,8.49,0.95,1,past major depressive episode,2,79,83,76,2,109,88,N/A,99,-999,1,N/A,N/A,N/A,1,1
3235580,5,0,8.61,0.44,1,anxiety disorder NOS,2,66,80,69,2,123,107,N/A,117,-999,1,0,N/A,N/A,1,1
3243657,5,0,8.56,0.46,0,,2,41,45,41,2,100,99,N/A,99,1,1,1,N/A,N/A,1,N/A
3349205,5,0,10.21,0.2,3,subthreshold anxiety,2,75,68,63,2,104,97,N/A,100,1,1,0,N/A,N/A,1,1
3349423,5,1,12.59,0.82,0,,2,42,46,43,2,121,120,N/A,124,1,1,1,N/A,N/A,1,1
3433846,5,1,10.36,0.82,1,Tics,2,64,65,60,2,107,97,N/A,102,1,1,1,N/A,N/A,1,N/A
3441455,5,1,9.26,1,3,,2,63,61,54,2,135,116,N/A,128,1,0,0,N/A,N/A,0,0
3457975,5,0,7.86,0.82,1,,2,86,84,73,2,123,126,N/A,128,-999,1,1,N/A,N/A,1,1
3518345,5,0,7.67,0.67,0,,2,45,44,47,2,119,126,N/A,124,1,1,0,N/A,N/A,1,N/A
3542588,5,0,8.05,1,1,,2,74,80,63,2,98,94,N/A,107,1,0,1,N/A,N/A,1,1
3601861,5,0,9.24,0.39,1,,2,82,79,90,2,99,82,N/A,88,-999,0,N/A,N/A,N/A,1,N/A
3619797,5,1,7.49,0.16,1,,2,74,73,71,2,106,100,N/A,103,1,0,1,N/A,N/A,1,1
3650634,5,0,13.25,0.91,0,,2,42,43,44,2,99,101,N/A,100,1,1,1,N/A,N/A,1,1
3653737,5,1,9.38,0.24,1,,2,63,61,66,2,106,104,N/A,106,-999,1,0,N/A,N/A,1,1
3662296,5,0,12.45,0.76,0,,2,42,43,47,2,90,104,N/A,98,1,1,1,N/A,N/A,1,N/A
3679455,5,1,11.97,1,1,ODD sx,2,73,68,81,2,114,89,N/A,102,1,1,0,N/A,N/A,1,1
3845761,5,1,8.19,0.29,0,,2,40,40,43,2,117,102,N/A,110,1,1,0,N/A,N/A,1,N/A
3999344,5,0,9.27,0.33,0,,2,45,48,65,2,134,98,N/A,116,1,0,N/A,N/A,N/A,1,N/A
4060823,5,1,11.8,0.86,3,Reading Disorder,2,65,76,52,2,85,107,N/A,95,2,1,1,N/A,N/A,1,1
4079254,5,1,10.19,0.8,0,,2,43,45,43,2,119,106,N/A,115,1,1,1,N/A,N/A,1,1
4084645,5,0,7.63,0.16,0,,2,42,46,50,2,110,108,N/A,111,1,0,1,N/A,N/A,1,1
4095229,5,1,9.32,0.82,1,,2,60,64,58,2,99,92,N/A,95,1,0,0,N/A,N/A,1,1
4116166,5,0,10.81,0.46,1,,2,72,60,86,2,122,93,N/A,108,1,1,1,N/A,N/A,1,1
4154672,5,1,9.23,0.77,1,,2,76,73,74,2,118,117,N/A,119,-999,0,1,N/A,N/A,1,N/A
4164316,5,1,10.69,0.29,0,,2,42,40,44,2,92,72,N/A,80,1,1,0,N/A,N/A,1,N/A
4187857,5,1,13.28,0.82,1,,2,62,55,54,2,105,111,N/A,109,2,1,0,N/A,N/A,1,N/A
4562206,5,0,7.91,0.4,0,,2,42,42,47,2,112,104,N/A,109,1,1,N/A,N/A,N/A,1,N/A
4827048,5,0,13.22,0.69,0,,2,44,45,56,2,108,99,N/A,104,1,1,1,N/A,N/A,1,N/A
5164727,5,0,10.16,0.16,1,,2,90,90,90,2,117,109,N/A,115,1,1,1,N/A,N/A,1,N/A
5971050,5,1,7.24,0.58,1,disruptive behavior disorder NOS,2,68,64,71,2,101,88,N/A,94,1,1,0,N/A,N/A,0,1
6206397,5,0,11.56,0.76,0,,2,50,53,46,2,85,79,N/A,80,1,1,1,N/A,N/A,1,1
6568351,5,0,8.1,0.05,0,subthreshold anxiety,2,52,59,49,2,102,99,N/A,101,1,1,0,N/A,N/A,1,1
8009688,5,0,11.33,0.69,3,very mild PDD traits,2,84,84,86,2,101,116,N/A,109,1,1,1,N/A,N/A,1,1
8415034,5,0,11.79,0.52,0,,2,47,47,46,2,108,95,N/A,102,1,1,1,N/A,N/A,1,N/A
8692452,5,1,12.25,0.82,0,,2,45,43,52,2,120,127,N/A,123,1,1,1,N/A,N/A,1,1
8697774,5,1,9.92,0.91,1,specific phobia ,2,67,67,79,2,97,106,N/A,101,2,1,1,N/A,N/A,1,1
8834383,5,1,8.8,0.57,0,,2,56,51,47,2,106,103,N/A,106,1,1,1,N/A,N/A,1,1
8915162,5,1,10.7,1,1,,2,76,69,83,2,136,124,N/A,134,1,0,1,N/A,N/A,1,N/A
9326955,5,1,10.92,1,1,,2,76,76,87,2,95,96,N/A,95,-999,1,0,N/A,N/A,1,1
9578663,5,0,8.26,0.83,0,,2,42,42,43,2,143,117,N/A,134,1,1,0,N/A,N/A,1,1
9750701,5,1,10.74,0.91,0,,2,41,40,43,2,103,121,N/A,113,1,1,1,N/A,N/A,1,1
9907452,5,1,9.98,0.74,3,dysgraphia,2,62,64,46,2,130,127,N/A,132,1,1,1,N/A,N/A,1,N/A
10001,5,0,11.17,0.52,3,,2,90,90,80,2,106,91,N/A,99,-999,1,1,N/A,N/A,1,N/A
10003,5,0,9.29,0.11,0,,2,42,42,43,2,107,93,N/A,100,1,0,N/A,N/A,N/A,1,N/A
10004,5,0,13.75,0.13,0,,2,42,43,44,2,-999,-999,N/A,-999,1,1,1,N/A,N/A,1,1
10005,5,1,11.92,0.68,2,,2,63,59,70,2,98,118,N/A,108,2,0,N/A,N/A,N/A,1,N/A
10016,5,1,8.7,0.42,1,,2,74,78,76,2,87,78,N/A,80,-999,N/A,N/A,N/A,N/A,1,N/A
10009,5,1,12.1,0.64,0,,2,43,42,43,2,112,99,N/A,107,1,1,1,N/A,N/A,1,1
10010,5,1,11.32,0.73,0,,2,45,44,44,2,141,133,N/A,142,1,1,0,N/A,N/A,1,1
10012,5,0,12.41,0.42,1,,2,82,67,74,2,102,97,N/A,100,-999,1,0,N/A,N/A,1,1
10018,5,1,11.54,0.57,1,,2,70,74,66,2,89,100,N/A,94,-999,0,N/A,N/A,N/A,1,N/A
10020,5,0,8.37,0.79,1,,2,80,76,77,2,105,86,N/A,95,-999,1,N/A,N/A,N/A,1,N/A
10021,5,0,12.54,0.65,0,,2,56,56,62,2,112,105,N/A,109,1,1,1,N/A,N/A,1,1
10022,5,1,12.12,0.22,1,,2,78,73,79,2,108,100,N/A,105,-999,1,0,N/A,N/A,1,1
10023,5,1,13.42,0.31,0,,2,50,52,54,2,104,105,N/A,105,1,1,1,N/A,N/A,1,1
10028,5,1,9.42,1,3,,2,69,67,70,2,99,87,N/A,92,1,0,1,N/A,N/A,1,N/A
10030,5,1,12.41,0.43,3,,2,75,75,72,2,100,105,N/A,103,-999,0,0,N/A,N/A,1,N/A
10038,5,0,12.79,0.28,0,,2,47,45,47,2,142,129,N/A,140,1,1,1,N/A,N/A,1,N/A
10034,5,0,10.86,0.82,0,,2,42,42,43,2,99,111,N/A,106,1,1,1,N/A,N/A,1,1
10031,5,0,11.87,0.31,0,,2,54,53,54,2,97,77,N/A,85,1,1,N/A,N/A,N/A,1,N/A
10032,5,1,11.1,1,1,,2,80,77,78,2,91,91,N/A,89,-999,1,N/A,N/A,N/A,1,N/A
10035,5,1,8.95,0.78,3,,2,71,79,54,2,109,106,N/A,109,-999,1,1,N/A,N/A,1,1
10037,5,1,10.9,0.83,1,,2,68,67,78,2,100,85,N/A,91,-999,1,1,N/A,N/A,1,N/A
10039,5,1,13.28,0.69,0,,2,47,46,50,2,93,86,N/A,87,1,0,1,N/A,N/A,1,N/A
10042,5,1,10.65,0.91,1,,2,65,59,56,2,100,115,N/A,108,-999,1,N/A,N/A,N/A,1,N/A
10044,5,,9.81,0.33,1,,2,-999,-999,-999,2,98,119,N/A,108,2,0,1,N/A,N/A,1,N/A
10050,5,1,17.43,1,1,,2,71,69,75,2,119,97,N/A,109,2,1,1,N/A,N/A,1,1
10051,5,1,15.4,0.95,3,,2,55,57,47,2,109,102,N/A,107,2,1,1,N/A,N/A,1,1
10052,5,1,16.31,1,0,subthreshold anxiety,2,46,46,43,2,83,83,N/A,81,1,1,1,N/A,N/A,1,1
10053,5,0,15.28,-999,0,,2,42,43,44,2,99,103,N/A,101,1,1,1,N/A,N/A,1,1
10056,5,1,15.63,0.64,3,LD,2,-999,-999,-999,2,-999,-999,N/A,-999,2,1,1,N/A,N/A,1,1
10057,5,1,17.7,0.68,0,,2,40,40,46,2,111,92,N/A,102,1,1,1,N/A,N/A,1,1
10058,5,1,14.2,-999,0,,2,44,42,43,2,121,96,N/A,109,1,1,1,N/A,N/A,1,1
10059,5,0,17.89,1,0,,2,45,45,55,2,127,124,N/A,128,1,1,1,N/A,N/A,1,1
10054,5,1,17.83,-999,0,,2,53,45,49,2,-999,-999,N/A,-999,1,1,1,N/A,N/A,1,N/A
10055,5,1,10.86,0,0,subthreshold ADHD,2,43,40,44,2,97,88,N/A,91,1,N/A,N/A,N/A,N/A,1,1
10048,5,1,14.95,0.54,1,,2,72,81,61,2,120,111,N/A,118,1,1,1,N/A,N/A,1,N/A
10060,5,1,8.75,0.67,1,Autistic traits,2,76,79,67,2,93,104,N/A,99,2,0,N/A,N/A,N/A,1,1
10047,5,1,12.72,0.91,1,ODD Sx,2,65,68,66,2,109,131,N/A,122,2,0,N/A,N/A,N/A,1,1
10061,5,1,11.41,1,3,Adjustment Disorder with Depressed Mood,2,79,79,68,2,99,103,N/A,101,1,0,N/A,N/A,N/A,0,0
10062,5,1,16.14,1,3,LD,2,70,72,62,2,132,107,N/A,122,1,1,1,N/A,N/A,1,1
10063,5,0,15.91,0.38,0,,2,42,45,47,2,109,99,N/A,105,1,1,1,N/A,N/A,1,1
10064,5,1,15.9,0.76,1,social anxiety disorder; specific phobia,2,81,81,90,2,95,107,N/A,101,2,1,N/A,N/A,N/A,1,1
10065,5,0,14.19,0.75,0,,2,46,45,44,2,91,89,N/A,88,1,1,1,N/A,N/A,1,1
10066,5,0,13.9,-0.2,0,,2,42,47,47,2,122,106,N/A,116,1,0,0,N/A,N/A,0,1
10067,5,1,13.1,0.83,3,subthreshold ODD,2,74,67,77,2,109,118,N/A,115,2,0,0,N/A,N/A,0,N/A
10068,5,1,13.3,0.5,0,,2,-999,-999,-999,-999,-999,-999,N/A,-999,1,1,1,N/A,N/A,1,1
10069,5,1,16.93,-0.11,0, subthreshold anxiety,2,42,40,43,2,120,120,N/A,124,1,1,1,N/A,N/A,1,N/A
10119,5,1,7.77,1,3,,2,81,79,63,2,101,88,N/A,94,1,0,N/A,N/A,N/A,1,N/A
10109,5,0,16.08,0.45,1,,2,58,51,74,2,122,105,N/A,115,2,0,0,N/A,N/A,1,1
10110,5,0,16.08,0.57,0,,2,47,43,43,2,99,97,N/A,99,1,1,1,N/A,N/A,1,1
10111,5,1,7.74,-999,0,,2,41,40,41,2,108,88,N/A,98,1,0,N/A,N/A,N/A,1,N/A
10046,5,1,9.75,0.95,0,,2,43,44,44,2,133,109,N/A,124,1,0,0,N/A,N/A,0,N/A
10112,5,1,14.79,0.6,0,,2,43,46,43,2,116,106,N/A,112,1,1,1,N/A,N/A,1,1
10107,5,1,17.37,0.82,3,dyslexia and dysgraphia,2,68,66,52,2,104,99,N/A,102,2,1,1,N/A,N/A,1,1
10019,5,1,14.81,0.65,1,,2,76,78,61,2,116,119,N/A,120,-999,1,0,N/A,N/A,1,1
10077,5,0,8.03,0.17,0,,2,42,42,43,2,99,77,N/A,86,1,0,0,N/A,N/A,1,1
10078,5,1,8.19,-0.04,1,,2,67,73,54,2,113,125,N/A,121,1,1,0,N/A,N/A,1,1
10079,5,1,15.27,0.75,0,,2,50,46,45,2,96,110,N/A,104,1,1,1,N/A,N/A,1,1
10080,5,0,17.86,0.58,0,,2,47,47,43,2,106,103,N/A,106,1,1,1,N/A,N/A,1,1
10008,5,0,14.48,0.82,0,,2,42,45,47,2,113,106,N/A,111,1,1,1,N/A,N/A,1,1
10014,5,0,7.55,0.86,0,,2,42,42,43,2,99,98,N/A,99,1,0,0,N/A,N/A,1,1
10089,5,0,14.87,0.81,0,,2,42,43,44,2,107,106,N/A,107,1,1,1,N/A,N/A,1,1
10090,5,1,16.32,1,1,,2,77,72,87,2,96,93,N/A,94,2,1,1,N/A,N/A,1,N/A
10091,5,1,8.93,1,1,adjustment disorder with anxiety and depressive mood; possible learning issues,2,77,73,74,2,77,93,N/A,83,1,1,0,N/A,N/A,1,0
10092,5,1,17.3,0.9,0,,2,47,51,43,2,113,104,N/A,109,1,1,0,N/A,N/A,1,1
10045,5,1,12.49,0.55,0,subthreshold anxiety,2,41,41,43,2,109,137,N/A,126,1,1,1,N/A,N/A,1,1
10093,5,0,15.21,0.96,0,,2,42,43,43,2,-999,-999,N/A,-999,1,1,1,N/A,N/A,1,1
10094,5,0,15.21,0.55,0,,2,42,43,43,2,-999,-999,N/A,-999,1,1,1,N/A,N/A,1,1
10095,5,1,14.39,0.52,1,,2,69,69,86,2,81,84,N/A,81,2,1,0,N/A,N/A,1,1
10096,5,1,14.94,0.57,3,Tics,2,70,73,57,2,119,104,N/A,113,2,0,0,N/A,N/A,1,N/A
10097,5,0,14.38,0.91,0,,2,41,41,43,2,119,120,N/A,123,1,1,1,N/A,N/A,1,1
10098,5,1,7.6,,1,,2,59,51,65,2,101,98,N/A,100,2,N/A,N/A,N/A,N/A,1,N/A
10099,5,0,9.96,0.4,0,,2,57,55,66,2,120,99,N/A,110,1,1,1,N/A,N/A,1,1
10100,5,1,16.88,0.42,0,,2,43,44,43,2,121,123,N/A,125,1,1,1,N/A,N/A,1,N/A
10101,5,1,14.2,0.75,1,Past major depressive episode,2,79,81,79,2,107,79,N/A,92,1,1,1,N/A,N/A,1,1
10102,5,1,16.55,0.29,0,,2,42,42,43,2,88,96,N/A,91,1,1,1,N/A,N/A,1,1
10108,5,0,17.15,0.91,3,,2,68,69,55,2,116,115,N/A,115,2,1,1,N/A,N/A,1,N/A
10002,5,0,13.24,0.52,3,LD,2,66,65,62,2,65,89,N/A,75,2,1,1,N/A,N/A,1,N/A
10011,5,0,9.16,0.52,3,"specific phobia, LD in written expression",2,90,90,80,2,102,107,N/A,106,1,0,0,N/A,N/A,1,N/A
10113,5,0,14.91,0.56,0,,2,59,60,44,2,111,110,N/A,113,1,1,1,N/A,N/A,1,1
10114,5,1,16.73,0.52,0,,2,40,40,46,2,-999,-999,N/A,-999,1,1,0,N/A,N/A,1,1
10115,5,1,15.32,0.92,3,,2,59,64,49,2,98,89,N/A,93,1,1,1,N/A,N/A,1,1
10006,5,0,11.18,0.55,0,,2,44,42,43,2,117,87,N/A,101,1,1,N/A,N/A,N/A,1,N/A
10105,5,0,7.43,0.21,3,enuresis,2,73,67,69,2,95,103,N/A,99,1,N/A,N/A,N/A,N/A,1,1
10024,5,1,8.26,0.62,0,,2,40,40,43,2,114,107,N/A,112,1,1,0,N/A,N/A,1,N/A
10015,5,1,11.21,0.86,3,,2,58,58,48,2,119,133,N/A,129,2,0,0,N/A,N/A,0,1
10106,5,1,11.82,0.5,3,,2,63,58,54,2,106,91,N/A,99,1,0,0,N/A,N/A,1,0
10116,5,1,16.77,0.65,3,,2,61,59,68,2,115,109,N/A,114,2,1,1,N/A,N/A,1,N/A
10117,5,1,9.35,0.74,0,,2,62,55,62,2,95,103,N/A,99,1,0,1,N/A,N/A,1,1
10118,5,1,13.33,1,1,,2,65,66,77,2,89,83,N/A,84,2,1,1,N/A,N/A,1,1
10120,5,0,17.09,0.83,0,,2,42,45,43,2,-999,-999,N/A,-999,1,1,1,N/A,N/A,1,N/A
10026,5,1,11.73,0.81,1,,2,68,56,76,2,132,123,N/A,131,-999,1,1,N/A,N/A,1,1
10121,5,0,14.18,0.74,0,,2,42,43,44,2,108,124,N/A,117,1,1,1,N/A,N/A,1,N/A
10122,5,1,16.28,0.83,0,,2,40,40,46,2,122,120,N/A,125,1,1,1,N/A,N/A,1,1
10123,5,1,16.13,0.69,0,,2,81,81,49,2,109,106,N/A,109,1,1,1,N/A,N/A,1,1
10082,5,1,11.4,0.73,0,,2,43,44,44,2,141,133,N/A,142,1,1,0,N/A,N/A,1,1
10074,5,1,8.06,0.43,1,possible learning issues (reading),2,65,63,80,2,92,88,N/A,88,1,0,N/A,N/A,N/A,0,N/A
10075,5,1,11.09,0.6,3,,2,60,56,66,2,77,72,N/A,73,-999,1,1,N/A,N/A,1,1
10076,5,0,15.95,0.57,0,,2,42,40,43,2,118,106,N/A,113,1,1,1,N/A,N/A,1,1
10103,5,1,9.59,0.24,1,some symptoms of Anxiety and irritability,2,63,61,66,2,106,104,N/A,106,-999,0,0,N/A,N/A,1,N/A
10081,5,0,15.81,0.6,3,,2,71,73,47,2,-999,-999,N/A,-999,-999,1,1,N/A,N/A,1,N/A
10083,5,0,14.42,0.75,0,,2,42,45,44,2,132,124,N/A,132,1,1,0,N/A,N/A,1,N/A
10084,5,0,17.96,0.48,0,,2,45,43,47,2,113,102,N/A,108,1,1,1,N/A,N/A,1,1
10085,5,0,11.37,0.33,1,,2,99,77,90,2,82,79,N/A,78,-999,1,0,N/A,N/A,1,1
10036,5,0,9.45,0.47,0,,2,50,49,60,2,86,86,N/A,84,1,1,N/A,N/A,N/A,1,1
10086,5,1,15.83,0.63,1,,2,73,72,71,2,109,93,N/A,102,-999,1,1,N/A,N/A,1,N/A
10027,5,1,8.28,0.91,1,,2,56,56,59,2,100,92,N/A,96,-999,N/A,N/A,N/A,N/A,1,N/A
10087,5,1,17.61,0.47,3,,2,84,86,56,2,82,108,N/A,95,-999,1,1,N/A,N/A,1,1
10025,5,1,8.75,0.74,1,,2,71,69,76,2,109,88,N/A,99,-999,0,0,N/A,N/A,1,N/A
10029,5,0,13.09,0.43,1,Disruptive behavior disorder,2,73,60,68,2,126,121,N/A,127,-999,1,1,N/A,N/A,1,1
10017,5,1,12.38,0.76,1,,2,77,79,66,2,98,90,N/A,94,-999,1,1,N/A,N/A,1,N/A
10049,5,1,7.35,0.65,1,,2,77,74,78,2,115,96,N/A,106,-999,1,N/A,N/A,N/A,1,N/A
10070,5,1,10.52,0.46,0,,2,41,40,43,2,111,97,N/A,105,1,1,1,N/A,N/A,1,N/A
10071,5,1,14.09,0.83,3,Prior hx of depressive sx and MDE,2,74,69,72,2,80,88,N/A,83,-999,1,1,N/A,N/A,1,1
10033,5,1,10.97,0.36,3,subthreshold anxiety,2,73,77,54,2,104,97,N/A,100,-999,1,0,N/A,N/A,1,1
10072,5,1,7.25,0.45,1,past dx of mixed expressive and receptive language problems,2,58,53,50,2,108,107,N/A,109,-999,1,N/A,N/A,N/A,1,1
10073,5,1,14.46,0.45,1,disruptive behavior disorder-NOS; possible math LD,2,68,67,70,2,88,79,N/A,82,-999,1,1,N/A,N/A,1,N/A
10104,5,1,13.35,0.76,3,,2,61,67,48,2,127,114,N/A,123,-999,1,1,N/A,N/A,1,1
10088,5,1,14.66,0.91,0,,2,50,48,43,2,115,132,N/A,126,1,1,1,N/A,N/A,1,N/A
10040,5,1,9.94,0.65,1,,2,61,61,60,2,141,117,N/A,133,-999,1,1,N/A,N/A,1,N/A
10124,5,0,14.06,0.62,0,,2,44,43,44,2,109,119,N/A,115,1,1,1,N/A,N/A,1,1
10041,5,1,9.22,0.43,2,possible learning disorder,2,62,61,83,2,109,99,N/A,105,-999,1,N/A,N/A,N/A,1,1
10125,5,1,7.19,0.33,0,subthreshold anxietyinterview,2,46,46,45,2,120,131,N/A,129,1,1,1,N/A,N/A,1,N/A
10007,5,0,11.41,0.76,3,,2,77,77,69,2,95,93,N/A,95,-999,1,1,N/A,N/A,1,N/A
10126,5,1,9.7,0.91,1,,2,79,77,85,2,83,96,N/A,88,-999,1,,N/A,N/A,1,N/A
10127,5,1,8.14,0.04,1,,2,77,79,74,2,132,121,N/A,130,-999,N/A,N/A,N/A,N/A,1,N/A
10128,5,1,9.53,0.82,0,,2,56,58,60,2,112,136,N/A,127,1,1,1,N/A,N/A,1,1
10129,5,0,8.39,0.38,3,,2,67,71,47,2,-999,-999,N/A,-999,1,1,1,N/A,N/A,1,N/A
10013,5,1,9.55,0.67,1,,2,62,58,58,2,106,88,N/A,97,-999,1,1,N/A,N/A,1,N/A
10043,5,0,8.16,0.36,0,,2,42,42,45,2,125,99,N/A,112,1,1,1,N/A,N/A,0,1
1084283,6,1,11,1,1,,3,N/A,69,69,2,N/A,N/A,N/A,110,2,0,1,1,N/A,1,N/A
1084884,6,0,9.42,1,0,enuresis,3,N/A,48,44,2,N/A,N/A,N/A,106,1,1,1,1,N/A,1,N/A
1108916,6,1,8.5,1,1,ODD,3,N/A,70,85,2,N/A,N/A,N/A,116,1,1,1,1,N/A,1,N/A
1206380,6,1,9.17,1,3,,3,N/A,63,66,2,N/A,N/A,N/A,90,1,1,1,1,N/A,1,N/A
1340333,6,0,7.42,1,1,,3,N/A,80,90,2,N/A,N/A,N/A,98,2,1,1,1,N/A,1,N/A
1386056,6,1,8,1,0,,3,N/A,55,45,2,N/A,N/A,N/A,134,-999,1,1,1,N/A,1,N/A
1411223,6,1,9.17,1,1,enuresis/sleep disorder,3,N/A,79,85,2,N/A,N/A,N/A,112,1,1,1,1,N/A,1,N/A
1418396,6,1,8.67,1,0,enuresis,3,N/A,51,50,2,N/A,N/A,N/A,98,1,1,1,0,N/A,1,N/A
1421489,6,1,8.75,1,0,,3,N/A,48,41,2,N/A,N/A,N/A,118,1,1,1,1,N/A,1,N/A
1481430,6,1,11.92,1,0,,3,N/A,58,53,2,N/A,N/A,N/A,116,1,1,1,1,N/A,1,N/A
1502229,6,0,8.58,1,0,,3,N/A,45,41,2,N/A,N/A,N/A,120,1,1,1,1,N/A,1,N/A
1536593,6,0,8.58,1,1,,3,N/A,77,68,2,N/A,N/A,N/A,136,-999,1,1,1,N/A,1,N/A
1548937,6,1,11.17,1,0,,3,N/A,40,45,2,N/A,N/A,N/A,126,1,1,1,1,N/A,1,N/A
1552181,6,0,9.83,1,3,,3,N/A,69,48,2,N/A,N/A,N/A,126,1,1,1,0,1,1,N/A
1647968,6,0,11,1,0,,3,N/A,44,47,2,N/A,N/A,N/A,92,-999,1,1,1,N/A,1,N/A
1664335,6,0,9,1,0,,3,N/A,42,41,2,N/A,N/A,N/A,144,1,1,1,1,N/A,1,N/A
1679142,6,1,10.33,1,0,,3,N/A,50,45,2,N/A,N/A,N/A,130,1,1,1,1,N/A,1,N/A
1696588,6,0,8.75,1,0,,3,N/A,42,41,2,N/A,N/A,N/A,104,1,1,1,1,N/A,1,N/A
1743472,6,1,8.75,1,1,ODD/R-0 anxiety,3,N/A,79,72,2,N/A,N/A,N/A,100,1,1,1,1,N/A,1,N/A
2054310,6,1,8.42,1,1,ODD,3,N/A,63,66,2,N/A,N/A,N/A,110,1,1,1,1,N/A,1,N/A
2054998,6,0,7.33,1,0,,3,N/A,45,48,2,N/A,N/A,N/A,108,1,1,1,1,N/A,1,N/A
2071989,6,1,8.25,1,1,enuresis,3,N/A,65,66,2,N/A,N/A,N/A,132,1,0,0,0,N/A,0,N/A
2124248,6,0,9.33,1,0,,3,N/A,45,44,2,N/A,N/A,N/A,128,1,1,1,0,N/A,0,N/A
2155356,6,0,9.33,1,0,,3,N/A,40,42,2,N/A,N/A,N/A,124,1,1,1,1,N/A,1,N/A
2232376,6,0,10.33,1,0,,3,N/A,40,42,2,N/A,N/A,N/A,110,1,1,1,1,N/A,1,N/A
2232413,6,1,9.17,1,0,,3,N/A,41,41,2,N/A,N/A,N/A,104,1,1,1,1,N/A,1,N/A
2288903,6,1,7.42,1,1,,3,N/A,71,63,2,N/A,N/A,N/A,120,-999,1,1,0,N/A,1,N/A
2292940,6,1,8,1,1,,3,N/A,81,90,2,N/A,N/A,N/A,90,-999,0,0,0,N/A,1,N/A
2409220,6,1,7.67,1,0,,3,N/A,52,42,2,N/A,N/A,N/A,128,-999,1,1,1,N/A,1,N/A
2415970,6,1,8.58,1,3,,3,N/A,70,50,2,N/A,N/A,N/A,112,1,1,1,1,N/A,1,N/A
2426523,6,0,7.92,1,0,,3,N/A,45,51,2,N/A,N/A,N/A,120,1,1,0,0,N/A,1,N/A
2427434,6,0,8.08,1,0,,3,N/A,42,41,2,N/A,N/A,N/A,137,1,1,1,1,N/A,1,N/A
2455205,6,1,7.5,1,1,,3,N/A,81,69,2,N/A,N/A,N/A,86,2,1,1,1,N/A,1,N/A
2535204,6,1,8.42,1,1,,3,N/A,70,76,2,N/A,N/A,N/A,116,-999,0,0,0,N/A,1,N/A
2559559,6,1,7.92,1,3,enuresis,3,N/A,65,57,2,N/A,N/A,N/A,98,1,1,1,1,N/A,1,N/A
2561174,6,1,8.67,1,1,,3,N/A,85,90,2,N/A,N/A,N/A,98,-999,1,1,1,N/A,1,N/A
2571197,6,1,7.67,1,1,,3,N/A,65,75,2,N/A,N/A,N/A,102,1,0,0,0,N/A,1,N/A
2578455,6,0,9.5,1,0,,3,N/A,62,51,2,N/A,N/A,N/A,112,1,1,1,0,N/A,0,N/A
2620872,6,1,8.92,1,1,enuresis,3,N/A,73,76,2,N/A,N/A,N/A,90,2,0,0,1,N/A,1,N/A
2790141,6,0,9,1,3,,3,N/A,68,47,2,N/A,N/A,N/A,112,1,1,1,1,N/A,1,N/A
2845989,6,0,7.67,1,3,,3,N/A,59,54,2,N/A,N/A,N/A,102,-999,1,1,1,N/A,1,N/A
2920716,6,1,7.5,1,0,,3,N/A,40,40,2,N/A,N/A,N/A,120,1,0,0,0,N/A,1,N/A
2929195,6,1,9.58,1,2,,3,N/A,70,79,2,N/A,N/A,N/A,124,1,0,0,0,N/A,1,N/A
2947936,6,1,8.5,1,0,,3,N/A,55,57,2,N/A,N/A,N/A,124,1,1,1,1,N/A,1,N/A
2959809,6,0,9.08,1,0,,3,N/A,55,50,2,N/A,N/A,N/A,100,1,1,0,0,N/A,1,N/A
3048401,6,0,11.58,1,0,,3,N/A,40,44,2,N/A,N/A,N/A,110,1,1,1,0,N/A,1,N/A
3051944,6,1,11.75,1,0,,3,N/A,46,53,2,N/A,N/A,N/A,100,1,1,1,1,N/A,1,N/A
3052540,6,1,9.17,1,1,,3,N/A,67,60,2,N/A,N/A,N/A,114,1,1,1,1,N/A,1,N/A
3162671,6,1,8.5,1,0,,3,N/A,54,47,2,N/A,N/A,N/A,136,1,1,1,1,N/A,1,N/A
3206978,6,0,8.25,1,0,,3,N/A,45,48,2,N/A,N/A,N/A,122,1,0,1,1,N/A,1,N/A
3212875,6,0,8.67,1,0,,3,N/A,42,41,2,N/A,N/A,N/A,134,1,1,1,1,N/A,1,N/A
3244985,6,1,7.17,1,0,,3,N/A,40,40,2,N/A,N/A,N/A,116,1,1,1,1,N/A,0,N/A
3286474,6,0,8.08,1,2,,3,N/A,59,78,2,N/A,N/A,N/A,104,-999,1,0,0,N/A,1,N/A
3302025,6,1,9,1,0,,3,N/A,44,41,2,N/A,N/A,N/A,120,1,1,1,1,N/A,1,N/A
3358877,6,0,8.5,1,1,,3,N/A,90,90,2,N/A,N/A,N/A,108,2,1,0,0,N/A,1,N/A
3466651,6,1,8.08,1,1,,3,N/A,84,78,2,N/A,N/A,N/A,108,1,1,1,1,N/A,1,N/A
3470141,6,1,8.5,1,1,,3,N/A,82,90,2,N/A,N/A,N/A,104,2,0,0,0,N/A,1,N/A
3560456,6,0,7.83,1,1,,3,N/A,71,63,2,N/A,N/A,N/A,126,-999,0,0,0,N/A,1,N/A
3652932,6,1,7.67,1,3,ODD,3,N/A,75,54,2,N/A,N/A,N/A,86,1,1,1,1,N/A,1,N/A
3677724,6,1,8.75,1,3,,3,N/A,63,57,2,N/A,N/A,N/A,96,1,1,1,0,N/A,1,N/A
3684229,6,0,8.83,1,3,,3,N/A,79,74,2,N/A,N/A,N/A,120,1,1,1,1,N/A,1,N/A
3812101,6,0,7.83,1,0,,3,N/A,56,75,2,N/A,N/A,N/A,104,1,1,1,1,N/A,1,N/A
3848511,6,0,8.08,1,0,,3,N/A,45,41,2,N/A,N/A,N/A,132,1,0,0,0,N/A,0,N/A
3869075,6,1,8.67,1,0,,3,N/A,41,47,2,N/A,N/A,N/A,126,1,1,1,0,N/A,1,N/A
3899622,6,0,8.25,1,0,,3,N/A,56,41,2,N/A,N/A,N/A,112,1,1,1,0,N/A,0,N/A
4016887,6,1,9.08,1,1,,3,N/A,70,69,2,N/A,N/A,N/A,126,1,1,1,1,N/A,1,N/A
4046678,6,0,8.58,1,0,,3,N/A,42,60,2,N/A,N/A,N/A,132,1,0,1,0,N/A,1,N/A
4072305,6,0,9.25,1,3,,3,N/A,79,54,2,N/A,N/A,N/A,106,1,1,1,1,N/A,1,N/A
4103874,6,0,7.33,1,0,,3,N/A,52,45,2,N/A,N/A,N/A,108,1,1,1,1,N/A,1,N/A
4219416,6,0,8.25,1,0,enuresis,3,N/A,52,48,2,N/A,N/A,N/A,114,1,1,1,1,N/A,1,N/A
4529116,6,0,8.42,1,0,,3,N/A,45,45,2,N/A,N/A,N/A,116,1,1,1,1,N/A,0,N/A
5302451,6,1,11.33,1,3,,3,N/A,80,70,2,N/A,N/A,N/A,114,2,1,1,1,N/A,1,N/A
6592761,6,1,7.58,1,0,,3,N/A,40,40,2,N/A,N/A,N/A,140,1,1,1,1,N/A,1,N/A
6953386,6,1,11.83,1,1,,3,N/A,73,90,2,N/A,N/A,N/A,132,2,1,1,1,N/A,1,N/A
7333005,6,1,9,1,1,,3,N/A,85,76,2,N/A,N/A,N/A,108,-999,1,1,1,N/A,1,N/A
8064456,6,0,9.25,1,0,,3,N/A,48,47,2,N/A,N/A,N/A,118,1,1,1,1,N/A,1,N/A
8218392,6,1,8.33,1,0,,3,N/A,59,42,2,N/A,N/A,N/A,104,1,1,1,1,N/A,1,N/A
8720244,6,0,10.33,1,3,,3,N/A,68,60,2,N/A,N/A,N/A,82,1,1,1,1,N/A,1,N/A
9499804,6,1,8.17,1,0,,3,N/A,43,42,2,N/A,N/A,N/A,126,1,1,1,1,N/A,1,N/A
1038415,1,1,14.92,1,3,ODD,1,52,34,18,3,109,103,-999,107,1,1,N/A,N/A,N/A,1,N/A
1201251,1,1,12.33,1,3,,1,49,28,21,3,115,103,-999,110,2,1,N/A,N/A,N/A,1,N/A
1245758,1,0,8.58,1,0,,1,35,20,15,3,121,88,-999,106,1,1,N/A,N/A,N/A,1,N/A
1253411,1,1,8.08,1,0,,1,35,19,16,3,119,106,-999,114,1,1,N/A,N/A,N/A,1,N/A
1419103,1,0,9.92,1,0,,1,41,22,19,3,124,76,-999,102,1,1,N/A,N/A,N/A,1,N/A
1517058,1,1,9.75,1,0,,1,36,20,16,3,141,138,-999,144,1,1,N/A,N/A,N/A,1,N/A
1581470,1,1,8.83,1,0,,1,41,26,15,3,111,123,-999,118,1,1,N/A,N/A,N/A,1,N/A
1784368,1,1,8.92,1,3,,1,36,20,16,3,136,89,-999,116,1,1,N/A,N/A,N/A,1,N/A
1849382,1,1,11.67,1,0,enuresis,1,35,17,18,3,140,114,-999,131,1,1,N/A,N/A,N/A,1,N/A
1854691,1,0,8.83,1,0,,1,34,23,11,3,117,108,-999,114,1,1,N/A,N/A,N/A,1,N/A
1883688,1,0,9.08,1,3,,1,45,10,35,3,112,83,-999,98,1,1,N/A,N/A,N/A,1,N/A
1951511,1,0,11.92,1,0,,1,25,15,10,3,126,111,-999,121,1,1,N/A,N/A,N/A,1,N/A
1985430,1,0,11.92,1,0,,1,35,19,16,3,146,124,-999,140,1,1,N/A,N/A,N/A,1,N/A
2024999,1,1,10.33,1,1,ODD,1,49,31,18,3,117,98,-999,109,1,1,N/A,N/A,N/A,1,N/A
2051479,1,0,13.75,1,0,,1,44,23,21,3,109,104,-999,108,1,1,N/A,N/A,N/A,1,N/A
2101067,1,0,15.17,1,0,,1,28,19,9,3,117,98,-999,109,1,1,N/A,N/A,N/A,1,N/A
2275786,1,1,9.5,1,0,,1,36.5,16,20.5,3,112,108,-999,111,1,1,N/A,N/A,N/A,1,N/A
2342030,1,0,10.17,1,0,,1,31,18,13,3,111,120,-999,117,1,1,N/A,N/A,N/A,1,N/A
2380326,1,0,9.58,1,3,TS,1,39.5,25.5,14,3,103,100,-999,102,1,1,N/A,N/A,N/A,1,N/A
2380967,1,1,10,1,3,,1,47,31,16,3,109,115,-999,113,1,1,N/A,N/A,N/A,1,N/A
2411995,1,1,9.75,1,0,,1,21,10,11,3,107,94,-999,101,1,1,N/A,N/A,N/A,1,N/A
2443191,1,1,8.92,1,0,,1,36,18,18,3,99,71,-999,84,1,1,N/A,N/A,N/A,1,N/A
2488729,1,0,13.75,1,0,,1,23,11,12,3,113,103,-999,109,1,1,N/A,N/A,N/A,1,N/A
2505328,1,0,8.83,1,3,,1,41,32,9,3,83,85,-999,82,1,1,N/A,N/A,N/A,1,N/A
2511886,1,1,8.33,1,0,,1,46,26,20,3,133,115,-999,128,1,1,N/A,N/A,N/A,1,N/A
2528407,1,1,8.92,1,0,,1,33,17,16,3,141,100,-999,124,1,1,N/A,N/A,N/A,1,N/A
2591713,1,1,10,1,0,,1,40,21,19,3,134,115,-999,128,1,1,N/A,N/A,N/A,1,N/A
2599965,1,1,14,1,1,ODD,1,55,26,29,3,101,94,-999,98,1,1,N/A,N/A,N/A,1,N/A
2628237,1,0,13,1,3,ODD,1,57,33,24,3,90,106,-999,97,1,1,N/A,N/A,N/A,1,N/A
2872641,1,0,8.5,1,0,,1,31,22,9,3,109,120,-999,116,1,1,N/A,N/A,N/A,1,N/A
3107623,1,0,11.92,1,0,,1,31,15,16,3,121,114,-999,120,1,1,N/A,N/A,N/A,1,N/A
3124419,1,1,8.75,1,1,,1,46,24,22,3,128,85,-999,109,1,1,N/A,N/A,N/A,1,N/A
3169448,1,1,11,1,3,,1,44,23,21,3,104,111,-999,108,1,1,N/A,N/A,N/A,1,N/A
3313497,1,1,9.33,1,1,TS,1,52,28,24,3,111,109,-999,111,2,1,N/A,N/A,N/A,0,N/A
3320367,1,1,10.67,1,0,,1,32,18,14,3,126,109,-999,120,1,1,N/A,N/A,N/A,1,N/A
3348989,1,0,8.33,1,0,,1,29,18,11,3,126,97,-999,114,1,1,N/A,N/A,N/A,1,N/A
3378296,1,1,9.83,1,1,ODD,1,59,28,31,3,141,112,-999,131,2,1,N/A,N/A,N/A,1,N/A
3407871,1,1,13.33,1,3,,1,38,24,14,3,100,98,-999,99,1,1,N/A,N/A,N/A,1,N/A
3504058,1,1,13.17,1,3,TS,1,47,30,17,3,115,100,-999,109,1,1,N/A,N/A,N/A,1,N/A
3520880,1,1,9.83,1,1,,1,54,29,25,3,140,135,-999,142,1,1,N/A,N/A,N/A,1,N/A
3559087,1,1,12.58,1,2,,1,46,20,26,3,108,104,-999,107,1,1,N/A,N/A,N/A,1,N/A
3605062,1,0,8.58,1,0,,1,40,17,23,3,130,100,-999,118,1,1,N/A,N/A,N/A,1,N/A
3767334,1,1,8.33,1,3,,1,51,26,25,3,112,104,-999,109,1,1,N/A,N/A,N/A,1,N/A
3834703,1,1,12.92,1,1,,1,42,24,18,3,112,101,-999,108,1,1,N/A,N/A,N/A,1,N/A
4125514,1,1,9.17,L,0,,1,30,15,15,3,136,100,-999,121,1,1,N/A,N/A,N/A,1,N/A
6550938,1,1,11.5,1,0,,1,34,17,17,3,146,112,-999,134,1,1,N/A,N/A,N/A,1,N/A
7591533,1,1,12.42,1,1,ODD,1,56,34,22,3,97,76,-999,86,1,1,N/A,N/A,N/A,1,N/A
7947495,1,0,9.17,1,0,,1,-999,-999,-999,3,113,111,-999,113,1,1,N/A,N/A,N/A,1,N/A
8463326,1,0,12.67,1,3,ODD,1,58,32,36,3,108,94,-999,102,2,1,N/A,N/A,N/A,1,N/A
9190596,1,1,12.5,1,3,,1,49,25,24,3,134,114,-999,128,2,1,N/A,N/A,N/A,1,N/A
9744150,1,1,9.5,1,1,,1,50,27,23,3,117,104,-999,113,1,1,N/A,N/A,N/A,1,N/A
16058,7,0,17.01,1,0, ,N/A,N/A,N/A,N/A,2,109,129,121,116,,1,N/A,N/A,N/A,1,N/A
16046,7,0,14.99,1,0,,N/A,N/A,N/A,N/A,2,116,129,126,117,,1,N/A,N/A,N/A,1,N/A
16060,7,1,17.16,1,0,,N/A,N/A,N/A,N/A,2,122,119,124,113,,1,N/A,N/A,N/A,1,N/A
16048,7,1,15.56,1,0,,N/A,N/A,N/A,N/A,2,109,102,107,103,,0,N/A,N/A,N/A,0,N/A
16029,7,1,13.11,1,0,,N/A,N/A,N/A,N/A,2,99,99,100,88,,1,N/A,N/A,N/A,1,N/A
16089,7,0,20.45,1,0,,N/A,N/A,N/A,N/A,2,108,125,118,115,,1,N/A,N/A,N/A,1,N/A
16004,7,1,10.49,1,0,,N/A,N/A,N/A,N/A,2,95,105,100,104,,1,N/A,N/A,N/A,0,N/A
16078,7,1,18.72,1,0,,N/A,N/A,N/A,N/A,2,110,119,116,124,,1,N/A,N/A,N/A,1,N/A
16073,7,1,18.48,1,0,,N/A,N/A,N/A,N/A,2,119,126,126,128,,1,N/A,N/A,N/A,1,N/A
16086,7,1,18.93,1,0,,N/A,N/A,N/A,N/A,2,108,102,106,95,,1,N/A,N/A,N/A,1,N/A
16072,7,1,18.43,1,0,,N/A,N/A,N/A,N/A,2,125,103,116,123,,0,N/A,N/A,N/A,1,N/A
16088,7,0,19.66,1,0,,N/A,N/A,N/A,N/A,2,117,118,119,120,,1,N/A,N/A,N/A,1,N/A
16012,7,1,11.41,1,0,,N/A,N/A,N/A,N/A,2,105,118,112,109,,1,N/A,N/A,N/A,1,N/A
16075,7,0,18.52,1,0,,N/A,N/A,N/A,N/A,2,108,99,104,105,,1,N/A,N/A,N/A,1,N/A
16041,7,0,14.82,1,0,,N/A,N/A,N/A,N/A,2,80,107,92,88,,1,N/A,N/A,N/A,1,N/A
16080,7,0,18.8,1,0,,N/A,N/A,N/A,N/A,2,-999,-999,-999,121,,1,N/A,N/A,N/A,1,N/A
16087,7,1,18.96,1,0,,N/A,N/A,N/A,N/A,2,-999,-999,-999,113,,1,N/A,N/A,N/A,1,N/A
16024,7,0,12.65,1,0,,N/A,N/A,N/A,N/A,2,103,109,107,117,,0,N/A,N/A,N/A,1,N/A
16043,7,0,14.85,1,0,,N/A,N/A,N/A,N/A,2,105,115,110,107,,0,N/A,N/A,N/A,1,N/A
16006,7,1,10.76,1,0,,N/A,N/A,N/A,N/A,2,-999,-999,-999,78,,1,N/A,N/A,N/A,1,N/A
16084,7,1,18.9,1,0,,N/A,N/A,N/A,N/A,2,110,118,116,118,,1,N/A,N/A,N/A,1,N/A
16082,7,0,18.85,1,0,,N/A,N/A,N/A,N/A,2,-999,-999,-999,118,,1,N/A,N/A,N/A,1,N/A
16034,7,0,13.87,1,0,,N/A,N/A,N/A,N/A,2,105,114,109,109,,1,N/A,N/A,N/A,1,N/A
16016,7,1,11.71,1,0,,N/A,N/A,N/A,N/A,2,113,119,118,108,,0,N/A,N/A,N/A,1,N/A
16005,7,0,10.57,1,0,,N/A,N/A,N/A,N/A,2,141,127,139,128,,0,N/A,N/A,N/A,1,N/A
16001,7,1,10.11,1,0,,N/A,N/A,N/A,N/A,2,88,131,108,106,,1,N/A,N/A,N/A,0,N/A
16017,7,0,11.75,1,0,,N/A,N/A,N/A,N/A,2,-999,-999,-999,111,,0,N/A,N/A,N/A,1,N/A
16026,7,1,12.88,1,0,,N/A,N/A,N/A,N/A,2,112,93,103,109,,0,N/A,N/A,N/A,1,N/A
16037,7,1,14.15,1,0,,N/A,N/A,N/A,N/A,2,109,129,121,117,,1,N/A,N/A,N/A,1,N/A
16053,7,1,15.92,1,0,,N/A,N/A,N/A,N/A,2,126,116,124,120,,0,N/A,N/A,N/A,1,N/A
16050,7,1,15.78,1,0,,N/A,N/A,N/A,N/A,2,-999,-999,-999,108,,1,N/A,N/A,N/A,1,N/A
16039,7,1,14.57,1,0,,N/A,N/A,N/A,N/A,2,116,100,109,110,,1,N/A,N/A,N/A,1,N/A
16013,7,1,11.53,1,0,,N/A,N/A,N/A,N/A,2,88,126,106,113,,0,N/A,N/A,N/A,1,N/A
16067,7,0,17.91,0,0,,N/A,N/A,N/A,N/A,2,-999,-999,-999,96,,1,N/A,N/A,N/A,1,N/A
16031,7,1,13.53,1,0,,N/A,N/A,N/A,N/A,2,122,116,122,124,,1,N/A,N/A,N/A,1,N/A
16036,7,1,13.97,1,0,,N/A,N/A,N/A,N/A,2,116,92,104,107,,1,N/A,N/A,N/A,1,N/A
16022,7,0,12.47,1,0,,N/A,N/A,N/A,N/A,2,98,114,107,102,,1,N/A,N/A,N/A,1,N/A
16044,7,1,14.85,1,0,,N/A,N/A,N/A,N/A,2,88,81,83,82,,0,N/A,N/A,N/A,1,N/A
16063,7,1,17.46,1,0,,N/A,N/A,N/A,N/A,2,100,111,107,101,,1,N/A,N/A,N/A,0,N/A
16038,7,1,14.24,1,0,,N/A,N/A,N/A,N/A,2,98,107,103,91,,0,N/A,N/A,N/A,1,N/A
16070,7,0,18.31,1,0,,N/A,N/A,N/A,N/A,2,-999,-999,-999,92,,1,N/A,N/A,N/A,1,N/A
16061,7,1,17.23,1,0,,N/A,N/A,N/A,N/A,2,-999,-999,-999,90,,1,N/A,N/A,N/A,1,N/A
16042,7,0,14.84,1,0,,N/A,N/A,N/A,N/A,2,107,115,112,109,,1,N/A,N/A,N/A,1,N/A
16055,7,1,16.16,1,0,,N/A,N/A,N/A,N/A,2,105,109,108,113,,1,N/A,N/A,N/A,0,N/A
16049,7,0,15.69,1,0,,N/A,N/A,N/A,N/A,2,112,96,105,102,,1,N/A,N/A,N/A,0,N/A
16059,7,0,17.13,1,0,,N/A,N/A,N/A,N/A,2,102,119,111,102,,1,N/A,N/A,N/A,1,N/A
16045,7,0,14.89,1,0,,N/A,N/A,N/A,N/A,2,105,116,111,118,,1,N/A,N/A,N/A,1,N/A
16010,7,1,11.24,1,0,,N/A,N/A,N/A,N/A,2,118,131,127,123,,1,N/A,N/A,N/A,1,N/A
16047,7,0,15.15,1,0,,N/A,N/A,N/A,N/A,2,108,109,109,111,,1,N/A,N/A,N/A,0,N/A
16076,7,0,18.6,1,0,,N/A,N/A,N/A,N/A,2,-999,-999,-999,125,,1,N/A,N/A,N/A,1,N/A
16069,7,0,18.14,1,0,,N/A,N/A,N/A,N/A,2,119,118,121,118,,1,N/A,N/A,N/A,1,N/A
16066,7,0,17.86,1,0,,N/A,N/A,N/A,N/A,2,106,105,106,107,,1,N/A,N/A,N/A,1,N/A
16062,7,0,17.44,1,0,,N/A,N/A,N/A,N/A,2,-999,-999,-999,112,,1,N/A,N/A,N/A,1,N/A
16077,7,0,18.72,1,0,,N/A,N/A,N/A,N/A,2,-999,-999,-999,113,,1,N/A,N/A,N/A,1,N/A
16052,7,1,15.91,1,0,,N/A,N/A,N/A,N/A,2,110,116,115,106,,1,N/A,N/A,N/A,1,N/A
16064,7,1,17.49,1,0,,N/A,N/A,N/A,N/A,2,-999,-999,-999,109,,1,N/A,N/A,N/A,1,N/A
16027,7,1,12.91,1,0,,N/A,N/A,N/A,N/A,2,-999,-999,-999,123,,1,N/A,N/A,N/A,1,N/A
16009,7,1,11.12,1,0,,N/A,N/A,N/A,N/A,2,112,109,114,109,,1,N/A,N/A,N/A,0,N/A
16056,7,0,16.28,1,0,,N/A,N/A,N/A,N/A,2,-999,-999,-999,102,,1,N/A,N/A,N/A,1,N/A
16068,7,0,17.96,1,0,,N/A,N/A,N/A,N/A,2,-999,-999,-999,131,,1,N/A,N/A,N/A,1,N/A
16018,7,0,12.12,1,0,,N/A,N/A,N/A,N/A,2,115,103,110,118,,1,N/A,N/A,N/A,1,N/A
16074,7,0,18.49,1,0,,N/A,N/A,N/A,N/A,2,-999,-999,-999,118,,1,N/A,N/A,N/A,1,N/A
16085,7,0,18.9,1,0,,N/A,N/A,N/A,N/A,2,-999,-999,-999,113,,1,N/A,N/A,N/A,1,N/A
16071,7,0,18.33,1,0,,N/A,N/A,N/A,N/A,2,-999,-999,-999,111,,1,N/A,N/A,N/A,1,N/A
16008,7,1,11.03,1,0,,N/A,N/A,N/A,N/A,2,-999,-999,-999,130,,1,N/A,N/A,N/A,1,N/A
16025,7,1,12.71,1,0,,N/A,N/A,N/A,N/A,2,-999,-999,-999,99,,0,N/A,N/A,N/A,0,N/A
16033,7,1,13.68,1,0,,N/A,N/A,N/A,N/A,2,-999,-999,-999,99,,1,N/A,N/A,N/A,1,N/A
16028,7,1,13.03,1,0,,N/A,N/A,N/A,N/A,2,-999,-999,-999,111,,0,N/A,N/A,N/A,1,N/A
16007,7,0,10.93,1,0,,N/A,N/A,N/A,N/A,2,-999,-999,-999,108,,0,N/A,N/A,N/A,1,N/A
16030,7,1,13.44,1,0,,N/A,N/A,N/A,N/A,2,-999,-999,-999,96,,0,N/A,N/A,N/A,1,N/A
16021,7,1,12.41,1,0,,N/A,N/A,N/A,N/A,2,-999,-999,-999,133,,1,N/A,N/A,N/A,1,N/A
16083,7,1,18.86,1,0,,N/A,N/A,N/A,N/A,2,-999,-999,-999,133,,1,N/A,N/A,N/A,1,N/A
16020,7,0,12.35,1,0,,N/A,N/A,N/A,N/A,2,-999,-999,-999,131,,1,N/A,N/A,N/A,1,N/A
16014,7,1,11.69,1,0,,N/A,N/A,N/A,N/A,2,-999,-999,-999,103,,1,N/A,N/A,N/A,1,N/A
16079,7,1,18.74,0,0,,N/A,N/A,N/A,N/A,2,-999,-999,-999,119,,0,N/A,N/A,N/A,1,N/A
16051,7,0,15.88,1,0,,N/A,N/A,N/A,N/A,2,-999,-999,-999,99,,1,N/A,N/A,N/A,1,N/A
16040,7,0,14.63,1,0,,N/A,N/A,N/A,N/A,2,108,117,114,108,,0,N/A,N/A,N/A,0,N/A
16019,7,0,12.23,1,0,,N/A,N/A,N/A,N/A,2,-999,-999,-999,89,,1,N/A,N/A,N/A,1,N/A
16065,7,0,17.84,1,0,,N/A,N/A,N/A,N/A,2,-999,-999,-999,108,,1,N/A,N/A,N/A,1,N/A
16081,7,1,18.81,1,0,,N/A,N/A,N/A,N/A,2,-999,-999,-999,103,,1,N/A,N/A,N/A,1,N/A
16032,7,0,13.65,0,0,,N/A,N/A,N/A,N/A,2,-999,-999,-999,105,,1,N/A,N/A,N/A,1,N/A
16003,7,1,10.46,1,0,,N/A,N/A,N/A,N/A,2,-999,-999,-999,114,,0,N/A,N/A,N/A,0,N/A
16011,7,0,11.28,1,0,,N/A,N/A,N/A,N/A,2,-999,-999,-999,105,,0,N/A,N/A,N/A,1,N/A
16057,7,0,16.74,1,0,,N/A,N/A,N/A,N/A,2,-999,-999,-999,90,,1,N/A,N/A,N/A,1,N/A
16015,7,1,11.7,1,0,,N/A,N/A,N/A,N/A,2,-999,-999,-999,108,,0,N/A,N/A,N/A,1,N/A
16035,7,1,13.94,1,0,,N/A,N/A,N/A,N/A,2,-999,-999,-999,113,,1,N/A,N/A,N/A,1,N/A
16023,7,0,12.51,0,0,,N/A,N/A,N/A,N/A,2,113,105,110,107,,0,N/A,N/A,N/A,1,N/A
16054,7,1,16.05,1,0,,N/A,N/A,N/A,N/A,2,-999,-999,-999,105,,0,N/A,N/A,N/A,1,N/A
16002,7,0,10.16,1,0,,N/A,N/A,N/A,N/A,2,-999,-999,-999,120,,1,N/A,N/A,N/A,1,N/A